"ID","Name","Active","Latitude","Longitude","FuelOnly","IsSpecialHydro","ERHRegionID","WAPRegionID","ImpCost","OrigImpCost","WeatherID","WindMult","SolarMult","Elevation","FuelRefer","FuelCityID","Oil1Price","Oil2Price","PropanePrice","BirchPrice","SprucePrice","CoalPrice","SteamPrice","HotWaterPrice","MunicipalSalesTax","BoroughSalesTax","Notes"
1,"Anchorage",1,61.15,-149.86,0,0,2,2,1,1,2,0.91,1.00,100.00,0,,3.07,,4.50,325.00,345.00,175.00,,,,,"Weather and Location Data. fuel costs from 1/2018 ; Weather info in Weather database - DO NOT ENTER HERE, Oil prices from Petrolane and Denali Fuel for 300 gallons delivered ; Propane is average of costs for those who own tank and those who rent"
2,"Adak",1,51.84,-176.63,0,0,2,3,5,5,16,1.33,0.98,200.00,0,,4.42,4.69,,,,,,,0.04,,"Weather and Location Data. Weather info in Weather database - DO NOT ENTER HERE; oil prices from 1/2018 -"
3,"Akutan",1,54.13,-165.77,0,0,2,3,5,5,16,1.00,0.97,100.00,0,,2.45,2.45,,,,,,,,,"Weather and Location Data. fuel costs from 1/2018   HDD, Temp, Elev from AEIDCClimatological Summary, 1986-87, dT and wind from nearest: Cold Bay;"
4,"Allakaket",1,66.56,-152.64,0,0,4,4,5,5,7,1.00,1.08,400.00,0,,7.00,,11.44,,,,,,,,"Weather and Location Data. fuel costs from 1/2018; HDD, Temp, Elev from AEIDCClimatological Summary, 1922-82; wind and dT from nearest :Bettles,"
5,"Angoon",1,57.49,-134.57,0,0,1,1,3,3,42,1.00,0.94,100.00,0,,3.83,3.83,,,,,,,0.03,,"Weather and Location Data. fuel costs from 1/2018 ; wind from WERA map class, weather from AEIDC summary 1941-87, dT from nearest Juneau;"
6,"Aniak",1,61.57,-159.54,0,0,4,6,3,3,6,0.55,0.88,100.00,0,,5.95,,,,,,,,0.02,,"Fuel costs from 1/2018; m/s from WERA, weather from AEIDC summary 1922-76,85-87;"
8,"Arctic Village",1,68.12,-145.53,0,0,6,5,5,5,7,1.00,1.27,2100.00,0,,11.00,,15.25,,,,,,,,"Fuel price from 1/2018; HDD, Temp, Elev from AEIDCClimatological Summary, 1962-72;87, wind from WERA map class,dT from nearest: Bettles;"
9,"Atka",1,52.21,-174.20,0,0,2,3,5,5,16,1.07,1.39,0.00,0,,6.85,,,,,,,,,,"Fuel costs from 1/2018; dbTemp, Elev from AEIDCClimatological Summary, 1923-28;36-49; wind from nearest - Adak; oil from 6/08 survey Atka Native Store"
11,"Auke Bay",1,58.38,-134.66,0,0,1,1,1,1,4,1.00,1.00,0.00,0,292,2.96,2.91,3.15,,,,,,,0.05,"Fuel costs from  1/2018; HDD, Temp, Elev from AEIDC Climatological Summary, 1963-87dT and wind from Juneau"
12,"Barrow/Utqiavik",1,71.29,-156.75,0,0,6,5,4,4,5,0.84,1.00,0.00,0,,,,12.71,,,,,,,,"Natural gas for heat; Weather info in Weather database - DO NOT ENTER HERE;"
13,"Bethel",1,60.79,-161.80,0,0,4,4,3,3,6,1.00,1.00,0.00,0,,3.93,,9.48,300.00,350.00,,,,0.06,," Fuel costs from  1/2018; Weather info in Weather database - DO NOT ENTER HERE;"
14,"Bettles",1,66.91,-151.51,0,0,4,4,4,4,7,1.00,1.00,600.00,0,,4.00,,8.47,,,,,,,,"Oct 2016 Weather and Location Data. fuel costs from 7/2017 flown in by Everts in Fairbanks;  Weather info in Weather database - DO NOT ENTER HERE"
15,"Delta Junction",1,64.05,-145.72,0,0,4,4,3,3,8,1.00,1.00,1100.00,0,,2.99,,3.75,,,,,,,,"Oct 2016 Weather and Location Data. fuel costs from 1/2018; HDD, Temp, Elev from AEIDCClimatological Summary, 1942-87; wind m/s from WERA; dT from BEES;"
16,"Big Lake",1,61.54,-149.85,0,0,2,2,1,1,50,1.00,1.02,200.00,0,,2.75,,4.04,,,,,,,," Fuel costs from  1/2018; HDD, Temp, Elev from AEIDCClimatological Summary, 1973-78; wind nearest - Talkeetna; oil costs from Fisher's Fuel; propane from Amerigas"
19,"Cantwell",1,63.39,-148.88,0,0,4,4,3,3,8,1.00,0.82,2200.00,0,,3.25,,3.60,,,,,,,,"Oct 2016 Weather and Location Data. fuel costs from  1/2018; HDD, Temp, Elev from AEIDCClimatological Summary, 1983-87; wind from WERA map class;"
21,"Central",1,65.51,-144.69,0,0,4,4,3,3,38,1.00,1.12,900.00,0,,3.46,,,,,,,,,,"Oct 2016 Weather and Location Data. fuel costs from  1/2018; HDD, Temp, Elev from AEIDCClimatological Summary, 1947-54, wind from WERA map class"
22,"Chalkyitsik",1,66.65,-143.72,0,0,4,4,4,4,17,1.00,0.87,500.00,0,161,8.00,,8.47,,,,,,,,"Oct 2016 Weather and Location Data. fuel costs from  1/2018; HDD, Temp, Elev from AEIDCClimatological Summary, 1962-72, wind and dT from nearest: Ft. Yukon;"
26,"Chickaloon",1,61.78,-148.53,0,0,2,2,2,2,44,1.00,0.99,1100.00,0,,2.75,,4.04,,,,,,,,"Oct 2016 Weather and Location Data. fuel costs from 1/2018; Temp, Elev from AEIDCClimatological Summary, 1922-33; wind from WERA map class, HDD from nearest (Sutton) modified for altitude; oil from Fisher's Fuel (Big Lake), propane from Mat Valley Propane"
27,"Chicken",1,64.06,-141.91,0,0,4,4,3,3,39,1.00,1.23,1900.00,0,,3.45,,3.50,,,,,,,,"Oct 2016 Weather and Location Data. fuel costs from  1/2018; Elev from AEIDCClimatological Summary, 1953-54; HDD, Temp from nearest: Eagle"
28,"Chignik",1,56.29,-158.39,0,0,2,2,3,3,11,0.40,1.63,0.00,0,,3.51,3.51,10.17,,,,,,,,"Oct 2016 Weather and Location Data. fuel costs from  7/2017;  HDD, Temp, Elev from AEIDCClimatological Summary, 1967-78;wind from WERA map class;"
29,"Chitina",1,61.52,-144.40,0,0,4,4,3,3,21,1.00,0.98,500.00,0,,2.80,,3.61,,,,,,,,"Oct 2016 Weather and Location Data. fuel costs from  1/2018; HDD, Temp, Elev from AEIDCClimatological Summary, 1922-71;wind from WERA map class;"
30,"Circle",1,65.78,-144.12,0,0,4,4,3,3,17,1.00,0.88,800.00,0,21,3.45,,,,,,,,,,"Oct 2016 Weather and Location Data. fuel costs from 1/2018; HDD, Temp, Elev from AEIDCClimatological Summary, 1957-87"
32,"Clear",1,64.28,-149.16,0,0,4,4,2,2,19,1.00,0.99,600.00,0,,3.25,,5.70,,,,,,,,"Oct 2016 Weather and Location Data. fuel costs from  1/2018; HDD, Temp, Elev from AEIDCClimatological Summary, 1965-87; wind nearest - Nenana; fuel prices from Nenana Fuel,"
33,"Coffman Cove",1,56.00,-132.81,0,0,1,1,3,3,51,1.00,1.00,300.00,0,,3.14,3.14,2.84,,,,,,,,"Oct 2016 Weather and Location Data. fuel costs from  1/2018 survey; HDD, Temp, Elev from AEIDCClimatological Summary, 1970-76"
34,"Cold Bay",1,55.20,-162.71,0,0,2,3,3,3,11,0.85,1.00,0.00,0,,4.39,,,,,,,,,,"Oct 2016 Weather and Location Data. fuel costs from  1/2018; Weather info in Weather database - DO NOT ENTER HERE; oil from Frosty Fuel, 3/98;"
36,"Cooper Landing",1,60.48,-149.79,0,0,2,2,2,2,14,1.00,0.97,500.00,0,,2.69,,4.50,,,,,,,0.03,"Oct 2016 Weather and Location Data. fuel costs from ; HDD, Temp, Elev from AEIDCClimatological Summary, 1975-87;"
37,"Copper Center",1,61.98,-145.32,0,0,4,4,3,3,21,1.00,0.98,1000.00,0,,2.75,,3.44,,,,,,,,"Oct 2016 Weather and Location Data. fuel costs from  1/2018; HDD,  Elev from AEIDCClimatological Summary, 1961-70;72-82;"
38,"Cordova",1,60.54,-145.73,0,0,2,2,3,3,15,1.00,1.09,0.00,0,,3.01,,4.00,,,,,,,,"Oct 2016 Weather and Location Data. NO SALES TAX ON FUEL FOR RESIDENTIAL; 6% for commercial: fuel costs from  1/2018; HDD, Temp, Elev from AEIDC Climatological Summary, 1955-66;68-71;86-87; dT from BEES; wind m/s from WERA;oil and propane costs from Novak's Fuel, Hoover's Movers (propane),"
39,"Atqasuk - Com",1,70.47,-157.41,0,0,6,5,5,5,31,1.00,1.31,100.00,0,,4.10,,8.47,,,,,,,,"Fuel prices from 1/2018"
40,"Kaktovik - Res",1,70.12,-143.60,0,0,6,5,5,5,5,1.11,1.72,0.00,0,,2.50,,6.00,,,,,,,,"Oct 2016 Weather and Location Data. Fuel update 1/2018; there is such a large discrepancy between residential subsidized rate and commercial rate ($2.50/$8.50) ; wind from WERA,elev. From Ak. Wilderness Milepost 1989;"
41,"Nuiqsut",1,70.21,-151.00,0,0,6,5,5,5,31,1.00,1.31,0.00,0,,2.30,,7.63,,,,,,,,"Oct 2016 Weather and Location Data. fuel costs from 1/2018; elev.from Ak. Wilderness Milepost 1989, weather from Barrow; oil and propane from 12/07  survey"
42,"Point Hope Res",1,68.34,-166.76,0,0,6,5,5,5,30,1.16,1.29,0.00,0,,2.00,,11.57,,,,,,,,"Oct 2016 Weather and Location Data. There are two listings for Point Hope because here is such a large discrepancy between residential subsidized rate and commercial rate ($1.99/$7.99) 1/2018; wind from WERA,; HDD, db temp from AEIDC, 1924-27, 41-54,82; 7/17;"
43,"Point Lay",1,69.74,-163.01,0,0,6,5,5,5,5,1.00,1.31,0.00,0,,1.74,,8.47,,,,,,,,"Oct 2016 Weather and Location Data. Two listings for Point Lay  because there is such a large discrepancy between residential subsidized rate and commercial rate ($1.74/$7.44) ; wind from WERA,; HDD, db temp from AEIDC, 1924-27, 41-54,82; 7/15"
44,"Wainwright Res",1,70.64,-160.01,0,0,6,5,5,5,5,1.00,1.42,0.00,0,,1.50,,14.62,,,,,,,,"Oct 2016 Weather and Location Data. There is a large discrepancy between residential subsidized rate and commercial rate ($1.50/$5.96) ; wind from WERA,;  Design temp from BEES Appendix; fuel prices from 1/2018"
45,"Ambler",1,67.08,-157.85,0,0,5,5,5,5,7,1.00,1.11,100.00,0,,,,,,,,,,0.03,,"Oct 2016 Weather and Location Data. wind from WERA map class,Elev. From Alaska Wilderness Milepost 1989, dT from nearest: Bettles; fuel  flown in by Everts in Fairbanks"
46,"Buckland",1,65.97,-161.12,0,0,5,5,4,4,30,0.54,1.15,0.00,0,,6.50,,10.81,,,,,,0.06,,"fuel costs from  1/2018; weather info from nearest:Candle, Elev. At airstrip)from Alaska Wilderness Milepost 1989, dT extrapolatedfrom nearest: Kotzebue,"
47,"Deering",1,66.08,-162.74,0,0,5,5,4,4,30,1.00,1.14,0.00,0,,4.75,,9.76,,,,,,0.03,,"10/2016 Weather and Location Data. fuel costs from  1/2018; elev. (at airstrip) from Ak. Wilderness Milepost 1989, HDD,dbT, wind from nearest: Candle"
48,"Kiana",1,66.97,-160.43,0,0,5,5,5,5,30,0.54,1.05,100.00,0,,5.50,,,,,,,,0.03,,"Oct 2016 Weather and Location Data. fuel costs from  1/2018; elev.  From Ak. Wilderness Milepost 1989, weather from nearest: Ambler;"
49,"Kivalina",1,67.72,-164.53,0,0,5,5,4,4,30,1.00,1.26,0.00,0,,4.40,,11.82,,,,,,0.02,,"Oct 2016 Weather and Location Data. fuel costs from 1/2018; HDD, Temp, Elev from AEIDC Climatological Summary, 1973-76, wind from WERA map class;"
50,"Kobuk",1,66.91,-156.88,0,0,5,5,5,5,7,1.00,1.04,100.00,0,,8.00,,12.92,,,,,,,,"Oct 2016 Weather and Location Data. Fuel costs from 1/2018; HDD, Temp, Elev from AEIDCClimatological Summary, 1953-54;64-79;"
51,"Kotzebue",1,66.89,-162.58,0,0,5,5,4,4,30,1.00,0.99,0.00,0,,5.19,,7.52,,,,,,0.06,,"Oct 2016 Weather and Location Data. fuel costs from 1/2018;  Weather info in Weather database - DO NOT ENTER HERE;"
52,"Noatak",1,67.57,-162.97,0,0,5,5,4,4,30,0.54,1.22,100.00,0,,8.99,,,,,,,,,,"Oct 2016 Weather and Location Data. fuel costs from 1/2018; elev. From Ak. Wilderness Milepost 1989, HDD, dbT, wind from Kivalina;"
53,"Noorvik",1,66.83,-161.04,0,0,5,5,4,4,30,0.54,1.01,0.00,0,,5.42,,13.21,,,,,,0.04,,"Oct 2016 Weather and Location Data. fuel costs from 1/2018; weather from Ambler"
54,"Selawik",1,66.59,-160.01,0,0,5,5,4,4,30,0.54,1.09,0.00,0,,7.50,,13.57,,,,,,0.06,,"Oct 2016 Weather and Location Data. fuel costs from 1/2018; HDD, Temp, Elev from AEIDCClimatological Summary, 1953-55, dT from Kotzebue;"
55,"Shungnak",1,66.88,-157.14,0,0,5,5,4,4,7,1.00,1.07,200.00,0,,8.25,,,,,,,,0.02,,"Oct 2016 Weather and Location Data. ffuel costs from 1/2018; wind from WERA map class, HDD from BEES,elev. From Ak. Wilderness Milepost 1989, oil and propane from 11/01 phone survey of Shungnak Native Store"
56,"Brevig Mission",1,65.33,-166.48,0,0,5,5,4,4,37,1.36,0.87,0.00,0,,4.00,,11.57,,,,,,0.03,,"Fuel costs from  1/2018;  weather from nearest city: Nome,elev. From Alaska Wilderness Milepost 1989;"
57,"Diomede",1,65.75,-168.92,0,0,5,5,5,5,30,1.54,0.76,1100.00,0,,5.00,,,,,,,,0.04,,"Oct 2016 Weather and Location Data. HDDanddbT from nearest: Wales; fuel costs from 1/2018"
58,"Elim",1,64.61,-162.25,0,0,5,5,4,4,37,1.00,0.91,0.00,0,,3.73,,12.84,,,,,,0.03,,"Oct 2016 Weather and Location Data. fuel costs from 1/2018; elev. (at airstrip) from Ak. Wilderness Milepost 1989, HDD, dbT, wind from nearest: Golovin;"
59,"Gambell",1,63.77,-171.71,0,0,5,5,5,5,37,1.57,1.18,0.00,0,,4.25,,16.23,,,,,,0.03,,"Oct 2016 Weather and Location Data. fuel costs from  1/2018; HDD, Temp, Elev from AEIDC Climatological Summary, 1949-87;"
60,"Golovin",1,64.54,-163.03,0,0,5,5,4,4,37,1.26,0.94,0.00,0,,3.70,,16.70,,,,,,,,"Oct 2016 Weather and Location Data. fuel costs from 1/2018; Norman's database, wind from WERA map class, elev. (at airstrip) from Ak. Wilderness Milepost 1989;"
61,"Koyuk",1,64.93,-161.15,0,0,5,5,5,5,37,0.68,0.94,0.00,0,,4.71,,11.42,,,,,,0.02,,"Oct 2016 Weather and Location Data. fuel costs from  1/2018; wind from WERA map class, elev. (at airstrip) from Ak. Wilderness Milepost 1989, HDD and dbT from Golovin;"
62,"Nome",1,64.50,-165.39,0,0,5,5,3,3,37,1.00,1.00,0.00,0,,4.66,,6.10,,,,,,0.05,,"Oct 2016 Weather and Location Data. fuel costs from 1/2018, including tax; Weather info in Weather database - DO NOT ENTER HERE;"
63,"Saint Michael",1,63.48,-162.04,0,0,5,5,4,4,37,1.00,1.00,0.00,0,,5.88,,10.13,,,,,,0.04,,"Oct 2016 Weather and Location Data. fuel costs from 1/2018; HDD, Temp, Elev from AEIDC Climatological Summary, 1922-33. wind from WERA map class, elev. (at airstrip) from Ak. Wilderness Milepost 1989"
64,"Savoonga",1,63.69,-170.48,0,0,5,5,5,5,37,1.36,0.74,0.00,0,,4.25,,19.28,,,,,,0.03,,"Oct 2016 Weather and Location Data. fuel costs from 1/2018;  HDD, Temp, Elev from AEIDCClimatological Summary, 1929-38;47-49;86-87 elev. (at airstrip) from Ak. Wilderness Milepost 1989,"
65,"Shaktoolik",1,64.33,-161.16,0,0,5,5,4,4,37,1.26,0.78,0.00,0,,4.08,,16.95,,,,,,0.04,,"Oct 2016 Weather and Location Data. fuel costs from 1/2018; HDD from nearest: Unalakleet, elev. (at airstrip) from Ak. Wilderness Milepost 1989,"
66,"Shishmaref",1,66.25,-166.06,0,0,5,5,5,5,30,1.00,1.04,0.00,0,,3.80,,12.08,,,,,,0.02,,"Oct 2016 Weather and Location Data. fuel costs from 1/2018; HDD, Elev from AEIDCClimatological Summary, 1922-29;32-37;42-52,"
67,"Stebbins",1,63.52,-162.27,0,0,5,5,4,4,37,1.00,1.05,0.00,0,,4.52,,11.57,,,,,,0.03,,"Oct 2016 Weather and Location Data. fuel costs from 1/2018; elev.from Ak. Wilderness Milepost 1989, HDD, dbT, wind from nearest: St. Michael, dT from Unalakleet;  oil and propane costs 11/01 phone survey"
68,"Teller",1,65.25,-166.33,0,0,5,5,4,4,37,1.00,0.88,0.00,0,,5.30,,11.44,,,,,,0.03,,"Oct 2016 Weather and Location Data. fuel costs from 1/2018; HDD, Temp, Elev from AEIDCClimatological Summary, 1925-28;33-43;46-63, wind from WERA map class, dT from Nome;"
69,"Unalakleet",1,63.87,-160.79,0,0,5,5,4,4,37,1.26,0.79,0.00,0,,3.94,,12.03,,,,,,0.05,,"Oct 2016 Weather and Location Data. fuel costs from 1/2018;  HDD, Temp, Elev from AEIDC Climatological Summary, 1941-87; design temp; wind - Norman's database; oil and propane costs from Native Corp. 11/03  survey"
70,"Wales",1,65.60,-168.09,0,0,5,5,5,5,30,1.25,0.98,0.00,0,,6.25,,,,,,,,0.03,,"Oct 2016 Weather and Location Data. fuel costs from 1/2018; HDD, Temp, Elev from AEIDCClimatological Summary, 1944-87"
71,"White Mountain",1,64.68,-163.40,0,0,5,5,4,4,37,0.68,0.83,100.00,0,,3.50,,15.89,,,,,,0.01,,"Oct 2016 Weather and Location Data. fuel costs from 1/2018;  Degree days, db temp from BEES Appendix,elev.from Ak. Wilderness Milepost 1989,"
72,"Chevak",1,61.52,-165.58,0,0,4,6,4,4,6,1.01,0.82,0.00,0,,5.55,,16.00,,,,,,,,"Oct 2016 Weather and Location Data. 3% sales tax not included for fuel; fuel costs from  1/2018; 17 m. east of Hooper Bay, elev. (at airstrip) from Alaska Wilderness Milepost 1989, HDD, dT, wind from Bethel"
73,"Emmonak",1,62.77,-164.54,0,0,4,6,4,4,37,1.00,0.85,0.00,0,,5.33,,12.40,,,,,,0.03,,"Oct 2016 Weather and Location Data. fuel costs from  1/2018;  HDD, Temp, Elev from AEIDCClimatological Summary, 1977-87"
74,"Hooper Bay",1,61.52,-166.10,0,0,4,6,4,4,37,1.47,0.81,0.00,0,,4.90,,13.34,,,,,,0.04,,"Oct 2016 Weather and Location Data. fuel costs from  1/2018; Temp, Elev from AEIDCClimatological Summary, 1926-39; fuel prices from Yukon Fuel, 11/01 phone survey"
75,"Kotlik",1,63.03,-163.55,0,0,4,6,5,5,37,1.00,0.79,0.00,0,,4.40,,12.30,,,,,,0.03,,"Oct 2016 Weather and Location Data. fuel costs from 1/2018; elev. (at airstrip) from Ak. Wilderness Milepost 1989, temp -50-87 subarctic, HDD and dbT from"
76,"Marshall",1,61.87,-162.08,0,0,4,6,5,5,6,0.55,0.89,0.00,0,,5.05,,7.46,,,,,,0.04,,"Oct 2016 Weather and Location Data. fuel costs from 1/2018;  elev. (at airstrip) from Ak. Wilderness Milepost 1989, HDD, dbT, wind from St. Mary"
77,"Mountain Village",1,62.09,-163.72,0,0,4,6,4,4,6,1.00,0.81,200.00,0,,6.91,,11.34,,,,,,0.03,,"Oct 2016 Weather and Location Data. fuel costs from 1/2018; HDD, Temp, Elev from AEIDC Climatological Summary, 1944-63;"
78,"Pilot Station",1,61.93,-162.88,0,0,4,6,4,4,6,0.55,0.79,100.00,0,,6.03,,,,,,,,0.04,,"Oct 2016 Weather and Location Data. fuel costs from 1/2018 Temp, from AEIDC Climatological Summary, 1923-27;29-33, elev. (at airstrip) from Ak. Wilderness Milepost 1989, HDD from St. Mary"
79,"Pitkas Point",1,62.03,-163.27,0,0,4,6,4,4,6,1.00,0.82,200.00,0,,5.46,,9.49,,,,,,,,"Oct 2016 Weather and Location Data. fuel costs from 1/2018; HDD, dbT from nearest:St. Mary's (5 mi)"
80,"Russian Mission",1,61.78,-161.33,0,0,4,6,4,4,6,0.55,0.85,200.00,0,,4.62,,8.62,,,,,,0.04,,"Oct 2016 Weather and Location Data. fuel costs from 1/2018; HDD, Temp, Elev from AEIDCClimatological Summary, 1966-87, wind nearest Aniak,"
81,"Saint Mary's",1,62.05,-163.17,0,0,4,6,4,4,6,1.00,0.80,200.00,0,,5.46,,9.49,,,,,,0.03,,"Oct 2016 Weather and Location Data. fuel costs from 1/2018; HDD, Temp, Elev from AEIDCClimatological Summary, 1967-83, wind from WERA map class;"
82,"Scammon Bay",1,61.84,-165.58,0,0,4,6,4,4,37,1.00,0.76,0.00,0,,5.13,,11.10,,,,,,0.04,0.02,"Oct 2016 Weather and Location Data. fuel costs from 1/2018; HDD and dbT from Cape Romanzof, AEIDC Climatological Summary, 1953-87;"
83,"Nunum Iqua",1,62.53,-164.84,0,0,4,6,5,5,37,1.26,0.88,0.00,0,,4.50,,11.61,,,,,,0.04,,"Oct 2016 Weather and Location Data. fuel costs from 1/2018; HDD, dbT from Emmonak; oil and propane costs from ISER survey May 1993;"
84,"Akiachak",1,60.91,-161.42,0,0,4,6,4,4,6,1.00,0.88,0.00,0,,5.08,,,,,,,,,,"Weather and Location Data. fuel costs from 1/2018; Elev. From Alaska Wilderness Milepost 1989, weather data from nearest: Bethel; Fuel costs from  Akiachak Fuel"
85,"Akiak",1,60.91,-161.22,0,0,4,6,4,4,6,0.55,0.89,0.00,0,,4.78,,7.66,,,,,,,," Weather and Location Data. Fuel costs from 1/2018;  Elev. From Alaska Wilderness Milepost 1989, HDD, dbT, dT, wind from nearest: Bethel; fuel prices from 7/2017"
86,"Atmautluak",1,60.85,-162.27,0,0,4,6,4,4,6,1.01,0.92,0.00,0,,4.86,,7.20,,,,,,,,"Fuel costs from  1/2018; Elev.at airstrip from Alaska Wilderness Milepost 1989, weather data from nearest: Bethel; Fuel costs  Athmauthluak Limited"
87,"Chefornak",1,60.15,-164.25,0,0,4,6,4,4,6,1.09,0.80,0.00,0,,5.30,,7.50,,,,,,0.02,,"Oct 2016 Weather and Location Data. fuel costs from  1/2018; HDD and dbT from nearest: Nunivak, elev. At airstrip) from Alaska Wilderness Milepost 1989;"
88,"Eek",1,60.21,-162.02,0,0,4,6,4,4,6,1.00,0.92,0.00,0,,4.00,,,,,,,,0.02,,"Oct 2016 Weather and Location Data. fuel costs from 1/2018; elev. (at airstrip) from Ak. Wilderness Milepost 1989, HDD,dbT from nearest: Cape Newenham;"
89,"Goodnews Bay",1,59.11,-161.58,0,0,4,6,4,4,27,1.21,0.87,0.00,0,,4.00,,10.15,,,,,,0.03,,"Oct 2016 Weather and Location Data. fuel costs from  1/2018; elev. (at airstrip) from Ak. Wilderness Milepost 1989, HDD and dbT from nearest: Platinum;oil and propane costs from ISER survey May 1993;"
90,"Kasigluk",1,60.87,-162.51,0,0,4,6,4,4,6,1.01,0.94,0.00,0,,5.13,,12.23,,,,,,0.04,,"Oct 2016 Weather and Location Data. fuel costs from 1/2018; 20 miles NW of Bethel, weather data from Bethel;"
91,"Kipnuk",1,59.93,-164.03,0,0,4,6,4,4,27,1.31,1.01,0.00,0,,4.59,,,,,,,,0.00,,"Oct 2016 Weather and Location Data. fuel costs from 1/2018; elev. (at airstrip) from Ak. Wilderness Milepost 1989, HDD, dbT from nearest: Cherfornak;"
92,"Kongiganak",1,59.95,-162.88,0,0,4,6,4,4,27,1.21,1.07,0.00,0,,4.58,,,,,,,,,,"Oct 2016 Weather and Location Data. fuel costs from  1/2018 elev. (at airstrip) from Ak. Wilderness Milepost 1989, weather from nearest: Dillingham;"
93,"Kwethluk",1,60.80,-161.43,0,0,4,6,4,4,6,1.00,0.97,0.00,0,,4.83,,11.60,,,,,,0.05,,"Oct 2016 Weather and Location Data. fuel costs from  7/2017; elev. (at airstrip) from Ak. Wilderness Milepost 1989, HDD, dbT, dT wind from Bethel;"
94,"Kwigillingok",1,59.87,-163.17,0,0,4,6,4,4,27,1.31,1.03,0.00,0,,4.50,,15.75,,,,,,,,"Oct 2016 Weather and Location Data. fuel costs from 1/2018;  elev. (at airstrip) from Ak. Wilderness Milepost 1989, HDD and dbT from Cherfornak;"
95,"Mekoryok",1,60.38,-166.20,0,0,4,6,4,4,6,1.18,0.62,0.00,0,,4.55,,12.54,,,,,,0.04,,"Oct 2016 Weather and Location Data. ; HDD, Temp, Elev from AEIDC Climatological Summary, 1982-87, wind from WERA; oil and propane costs from 1/2018"
96,"Napakiak",1,60.69,-161.97,0,0,4,6,4,4,6,1.00,1.00,0.00,0,,4.33,,,,,,,,0.04,,"Oct 2016 Weather and Location Data. fuel costs from 1/2018 elev. (at airstrip) from Ak. Wilderness Milepost 1989, used Bethel weather (10 miles from Bethel)"
97,"Napaskiak",1,60.70,-161.75,0,0,4,6,4,4,6,1.00,1.01,0.00,0,,6.40,,,,,,,,,,"Oct 2016 Weather and Location Data. fuel costs from 1/2018; elev. (at airstrip) from Ak. Wilderness Milepost 1989, 8 miles from Bethel, used Bethel weather; Not tax on fuel"
98,"Newtok",1,60.93,-164.63,0,0,4,6,4,4,6,1.09,0.83,0.00,0,,6.72,,,,,,,,,,"Oct 2016 Weather and Location Data. fuel costs from 1/2018; elev. (at airstrip) from Ak. Wilderness Milepost 1989, HDD, dbT from Scammon Bay"
99,"Nightmute",1,60.47,-164.71,0,0,4,6,4,4,6,1.01,0.71,0.00,0,,6.50,,,,,,,,0.02,,"Oct 2016 Weather and Location Data. fuel costs from 1/2018; elev. (at airstrip) from Ak. Wilderness Milepost 1989, HDD, dbT from Scammon Bay"
100,"Nunapitchuk",1,60.89,-162.46,0,0,4,6,4,4,6,1.01,0.91,0.00,0,,5.15,,11.46,,,,,,0.04,,"Oct 2016 Weather and Location Data. fuel costs from 1/2018; elev. From Ak. Wilderness Milepost 1989, weather from nearest: Bethel (26mi)"
101,"Oscarville",1,60.72,-161.77,0,0,4,6,4,4,6,1.00,1.02,0.00,0,13,5.90,,9.10,,,,,,,,"Oct 2016 Weather and Location Data. fuel costs from 1/2018 for Bethel; weather from nearest: Bethel (5 mi);"
102,"Platinum",1,59.00,-161.81,0,0,4,6,4,4,27,1.41,0.82,0.00,0,,,,,,,,,,,,"Oct 2016 Weather and Location Data. HDD, Temp, Elev from AEIDC Climatological Summary, 1939-64;"
103,"Quinhagak",1,59.75,-161.89,0,0,4,6,4,4,27,1.21,1.10,0.00,0,,4.85,,5.49,,,,,,0.03,,"Oct 2016 Weather and Location Data. fuel costs from 1/2018;  elev. (at airstrip) from Ak. Wilderness Milepost 1989, HDD and dbT from nearest:Platinum"
104,"Toksook Bay",1,60.53,-165.11,0,0,4,6,4,4,6,1.18,0.65,100.00,0,,5.25,,19.23,,,,,,0.02,,"Oct 2016 Weather and Location Data. fuel costs from 1/2018; elev. (at airstrip) from Ak. Wilderness Milepost 1989, HDD, dbT from Chefornak"
105,"Tuluksak",1,61.09,-160.95,0,0,4,6,4,4,6,0.55,0.74,0.00,0,,4.78,,13.21,,,,,,,,"Oct 2016 Weather and Location Data. fuel costs from 1/2018; elev. (at airstrip) from Ak. Wilderness Milepost 1989, weather from Bethel; fuel 11/07"
106,"Tuntutuliak",1,60.34,-162.67,0,0,4,6,4,4,6,1.00,0.92,0.00,0,,4.75,,12.71,,,,,,,,"Oct 2016 Weather and Location Data. fuel costs from 1/2018; elev. (at airstrip) from Ak. Wilderness Milepost 1989, weather from Bethel;"
107,"Tununak",1,60.58,-165.25,0,0,4,6,4,4,6,1.18,0.67,0.00,0,,4.75,,10.00,,,,,,,,"Oct 2016 Weather and Location Data. fuel costs from 1/2018; elev. (at airstrip) from Ak. Wilderness Milepost 1989, weather from Bethel"
108,"Chuathbaluk",1,61.57,-159.24,0,0,4,6,4,4,6,0.55,0.87,200.00,0,,5.35,,11.86,,,,,,,,"Oct 2016 Weather and Location Data. fuel costs from  1/2018; elev. (at airstrip) from Alaska Wilderness Milepost 1989, HDD, dT, wind from nearest: Aniak;"
109,"Crooked Creek",1,61.86,-158.12,0,0,4,6,4,4,35,1.00,0.97,100.00,0,,6.35,,14.83,,,,,,,,"Oct 2016 Weather and Location Data. Fuel costs from 1/2018; HDD, Temp, Elev from AEIDC Climatological Summary, 139-57;68-74; wind"
110,"Lime Village",1,61.35,-155.43,0,0,4,6,4,4,35,1.00,0.89,600.00,0,,6.00,,13.77,,,,,,,,"Oct 2016 Weather and Location Data. Fuel costs updated 1/2018; elev. From Ak. Wilderness Milepost 1989, temps -47-82, HDD, dbT from Sleetmute"
111,"Lower Kalskag",1,61.51,-160.36,0,0,4,6,4,4,6,0.55,0.97,0.00,0,,5.70,,,,,,,,,,"Oct 2016 Weather and Location Data. fuel costs from 1/2018; elev.from Ak. Wilderness Milepost 1989,semi-arctic, HDD, dbT, wind from WERA nearest: Russian Mission;"
114,"Sleetmute",1,61.69,-157.16,0,0,4,6,4,4,35,1.00,1.03,200.00,0,,6.00,,13.77,,,,,,,,"Oct 2016 Weather and Location Data. fuel costs from 1/2018;    HDD, Temp, Elev from AEIDC Climatological Summary, 1957-63"
115,"Stony River",1,61.78,-156.58,0,0,4,6,4,4,35,1.00,1.02,200.00,0,,4.60,,,,,,,,,,"Oct 2016 Weather and Location Data. fuel costs from 1/2018; HDD, Temp, Elev from AEIDC Climatological Summary, 1948-51;67-68"
116,"Upper Kalskag",1,61.54,-160.32,0,0,4,6,4,4,6,0.55,0.97,100.00,0,,5.70,,10.97,,,,,,,,"Oct 2016 Weather and Location Data. fuel costs from 1/2018;  weather from nearest:Aniak, dT and wind from Bethel,elev.from Ak. Wilderness Milepost 1989,"
117,"Clark's Point",1,58.83,-158.55,0,0,3,3,4,4,24,1.00,1.10,100.00,0,,3.43,,,,,,,,0.05,,"Oct 2016 Weather and Location Data.  fuel delivered 1/2018; weather from nearest: Dillingham, elev. (at airstrip) from Alaska Wilderness Milepost 1989;"
118,"Dillingham",1,59.04,-158.52,0,0,3,3,3,3,27,0.66,1.00,0.00,0,,2.95,,5.13,,,,,,0.06,,"Oct 2016 Weather and Location Data. fuel costs from  1/2018; HDD, Temp, Elev from AEIDC Climatological Summary, 1922-87; wind from WERA map class;"
119,"Ekwok",1,59.35,-157.47,0,0,3,3,4,4,27,0.66,1.07,100.00,0,,5.50,,,,,,,,,,"Oct 2016 Weather and Location Data. fuel costs from 1/2018; elev.from Ak. Wilderness Milepost 1989, HDD, dbT, wind from nearest: Dillingham;"
120,"Koliganek",1,59.72,-157.28,0,0,3,3,4,4,27,0.66,1.14,200.00,0,,5.00,,7.42,,,,,,,,"Oct 2016 Weather and Location Data. Fuel prices from Village Council, 1/2018; elev. (at airstrip) from Ak. Wilderness Milepost 1989, weather from nearest: Dillingham;"
121,"Manokotak",1,58.96,-159.02,0,0,3,3,4,4,27,0.66,1.09,0.00,0,,4.50,,,,,,,,,,"Oct 2016 Weather and Location Data. fuel costs from 1/2018; elev. (at airstrip) from Ak. Wilderness Milepost 1989, HDD, dbT, wind from nearest: Dillingham; no sales tax on fuel"
122,"New Stuyahok",1,59.45,-157.31,0,0,3,3,4,4,27,1.00,1.10,300.00,0,,6.00,,11.02,,,,,,,,"Oct 2016 Weather and Location Data. fuel costs from 1/2018;  HDD, dbT, wind from Dillingham;"
123,"Togiak",1,59.06,-160.39,0,0,3,3,4,4,27,1.00,1.02,0.00,0,,5.15,,,,,,,,0.02,,"Oct 2016 Weather and Location Data. fuel costs from 1/2018; HDD, dbT, wind from Dillingham;"
124,"Twin Hills",1,59.07,-160.28,0,0,3,3,4,4,27,1.00,1.05,0.00,0,,5.50,,10.59,,,,,,,,"Oct 2016 Weather and Location Data. fuel costs from 7/2017; weather from Dillingham"
125,"King Salmon",1,58.69,-156.68,0,0,3,3,3,3,27,0.66,1.04,0.00,0,,2.79,,11.65,,,,,,,,"Oct 2016 Weather and Location Data. fuel costs from 1/2018; Weather info in Weather database - DO NOT ENTER HERE;"
126,"Naknek",1,58.74,-156.95,0,0,3,3,3,3,27,1.00,1.12,0.00,0,125,2.79,,11.65,,,,,,,,"Oct 2016 Weather and Location Data. fuel costs from 1/2018; HDD, Temp, Elev from AEIDC Climatological Summary, 1948-55, wind m/s from WERA;"
127,"South Naknek",1,58.71,-157.00,0,0,3,3,3,3,27,1.00,1.12,100.00,0,125,2.79,,11.65,,,,,,,,"Oct 2016 Weather and Location Data. fuel costs from 1/2018; information from Naknek data"
128,"Chignik Lake",1,56.25,-158.74,0,0,2,2,3,3,11,0.40,1.49,100.00,0,,3.91,,,,,,,,,,"Oct 2016 Weather and Location Data. fuel costs from  1/2018;  HDD,dbT, wind from nearest: Chignik;"
129,"Egegik",1,58.21,-157.35,0,0,3,3,4,4,27,1.21,1.22,0.00,0,,3.40,,,,,,,,,,"Oct 2016 Weather and Location Data. fuel costs from 1/2018;  HDD, Temp, Elev from AEIDC Climatological Summary, 1971-73;wind from WERA map class,  elev. (at airstrip) from Ak. Wilderness Milepost 1989;"
130,"Igiugig",1,59.32,-155.89,0,0,3,3,3,3,24,0.98,0.89,100.00,0,,6.75,,10.17,,,,,,,,"Oct 2016 Weather and Location Data. fuel costs from 1/2018; elev. (at airstrip) from Ak. Wilderness Milepost 1989, weather from nearest: Dillingham;"
131,"Iliamna",1,59.75,-154.84,0,0,3,3,3,3,24,1.00,0.98,100.00,0,,3.56,,6.00,,,,,,,,"Oct 2016 Weather and Location Data. fuel costs from 7/2017  flown in by Everts; HDD, Temp, Elev from AEIDC Climatological Summary, 1941-73;75-87, wind m/s from WERA;"
133,"Kokhanok",1,59.43,-154.76,0,0,3,3,3,3,24,1.00,1.04,100.00,0,131,5.60,,10.30,,,,,,,,"Oct 2016 Weather and Location Data. fuel costs from 1/2018; HDD, Temp, Elev from AEIDC Climatological Summary, 1955-59;"
134,"Levelock",1,59.11,-156.86,0,0,3,3,4,4,27,1.00,1.05,100.00,0,,4.75,,9.53,,,,,,,,"Oct 2016 Weather and Location Data. fuel costs from  1/2018; elev. From Ak. Wilderness Milepost 1989, HDD, dbT, wind from Dillingham;"
135,"Newhalen",1,59.72,-154.89,0,0,3,3,4,4,24,1.00,1.00,100.00,0,131,5.10,,6.25,,,,,,0.02,0.03,"Oct 2016 Weather and Location Data. fuel costs from 1/2018; elev.from Ak. Wilderness Milepost 1989, weather from closest: Iliamna"
136,"Nondalton",1,59.96,-154.85,0,0,3,3,3,3,24,0.61,0.93,300.00,0,,5.31,,8.47,,,,,,0.03,,"Oct 2016 Weather and Location Data. fuel costs from 1/2018; elev. From Ak. Wilderness Milepost 1989, weather from closest: Iliamna;"
137,"Pedro Bay",1,59.78,-154.11,0,0,3,3,3,3,24,0.61,0.87,100.00,0,,4.21,,6.67,,,,,,,,"Oct 2016 Weather and Location Data. fuel costs from 7/2017; weather from nearest: Iliamna;"
138,"Perryville",1,55.91,-159.15,0,0,3,3,4,4,28,1.62,1.05,0.00,0,,3.39,,14.49,,,,,,,,"Oct 2016 Weather and Location Data. fuel costs from 1/2018; weather from Chignik;"
139,"Pilot Point",1,57.55,-157.57,0,0,3,3,4,4,27,1.21,0.93,0.00,0,,4.00,,4.24,,,,,,0.00,,"Oct 2016 Weather and Location Data. fuel costs from 1/2018;Temp, Elev from AEIDC Climatological Summary, 1939-45; fuel prices from 6/2008 survey (Valerie Jefferies [valerieorloff@yahoo.com])"
140,"Port Alsworth",1,60.20,-154.32,0,0,3,3,3,3,40,1.00,1.00,300.00,0,,,,,,,,,,,,"Oct 2016 Weather and Location Data. HDD, Temp, Elev from AEID CClimatological Summary, 1960-87, from WERA map class"
141,"Port Heiden",1,56.93,-158.62,0,0,3,3,4,4,11,0.79,1.34,100.00,0,,4.50,,10.59,,,,,,,,"Oct 2016 Weather and Location Data. fuel costs from 1/2018; HDD, Temp, Elev from AEIDC Climatological Summary, 1957-87;  design temp and wind from WERA"
142,"Ugashik",1,57.50,-157.39,0,0,3,3,3,3,27,1.00,0.94,0.00,0,,5.00,,,,,,,,,,"Oct 2016 Weather and Location Data. fuel costs from 1/2018; elev. From Ak. Wilderness Milepost 1989, weather from Port Heiden"
143,"False Pass",1,54.85,-163.41,0,0,2,3,3,3,11,0.73,1.46,0.00,0,,4.70,,11.67,,,,,,,,"Oct 2016 Weather and Location Data. 3% sales tax not used for fuel; fuel costs from 7/17; elev.from Ak. Wilderness Milepost 1989, weather from nearest: Cold Bay;  NO SALES TAX ON FUEL"
144,"King Cove",1,55.05,-162.30,0,0,2,3,4,4,11,1.13,1.00,0.00,0,,2.92,,,,,,,,0.06,,"Oct 2016 Weather and Location Data. fuel costs from 7/2017; elev. (at airstrip) from Ak. Wilderness Milepost 1989, weather from nearest: Cold Bay;"
145,"Nelson Lagoon",1,56.00,-161.20,0,0,2,3,4,4,11,0.85,1.45,0.00,0,,4.51,,10.59,,,,,,,,"Oct 2016 Weather and Location Data. fuel costs from ; elev. (at airstrip) from Ak. Wilderness Milepost 1989, HDD, dbT, wind from Sand Point;"
146,"Sand Point",1,55.34,-160.49,0,0,2,3,4,4,11,0.73,1.39,100.00,0,,3.94,,7.89,,,,,,0.04,,"Oct 2016 Weather and Location Data. fuel costs from 1/2018 HDD, Temp, Elev from AEIDC Climatological Summary, 1980-87, wind nearest Cold Bay; oil from 11/03 survey and propane costs from ISER survey May 1993;"
147,"Nikolski",1,52.94,-168.86,0,0,2,3,3,3,16,1.33,1.24,0.00,0,,,,,,,,,,,,"Oct 2016 Weather and Location Data. Wind m/s from WERA, HDD and dT from BEES,elev. From Ak. Wilderness Milepost 1989,"
148,"Saint George",1,56.60,-169.60,0,0,2,3,5,5,43,0.95,0.59,0.00,0,,7.15,7.15,13.09,,,,,,0.03,,"Oct 2016 Weather and Location Data. fuel costs from 1/2018; HDD, Temp, Elev from AEIDC Climatological Summary, 1954-60, wind and dT from nearest: St. Paul;"
149,"Saint Paul",1,57.12,-170.27,0,0,2,3,5,5,43,1.00,1.00,0.00,0,,3.50,,,,,,,,0.03,,"Oct 2016 Weather and Location Data. fuel costs from 1/2018; Weather info in Weather database - DO NOT ENTER HERE;"
151,"Unalaska",1,53.87,-166.52,0,0,2,3,3,3,16,1.00,1.00,0.00,0,,3.19,3.09,,,,,,,0.03,,"Oct 2016 Weather and Location Data. fuel costs from 1/2018; HDD, Temp, Elev from AEIDC Climatological Summary, 1922-87Degree days, design temp from BEES Appendix, wind nearest Adak; oil and propane costs from Rural CAP Raven Americorp 3/2001"
152,"Anvik",1,62.65,-160.19,0,0,4,4,5,5,6,0.55,1.00,200.00,0,,5.35,,9.53,,,,,,,,"Fuel costs from 1/2018; Elev. And weather city from Alaska Wilderness Milepost 1989, weather from nearest: Holy Cross, dT from Bethel, wind from nearest: Aniak;"
153,"Grayling",1,62.90,-160.07,0,0,4,4,4,4,6,0.55,0.99,100.00,0,,5.10,,,,,,,,,,"Oct 2016 Weather and Location Data. fuel costs from 1/2018;  HDD, Temp, Elev from McGrath; fuel costs from Native Corporation, 11/95,"
154,"Holy Cross",1,62.20,-159.77,0,0,4,4,4,4,6,0.55,0.91,400.00,0,,6.05,,10.17,,,,,,,,"Oct 2016 Weather and Location Data. fuel costs from 1/2018; HDD, Temp, Elev from AEIDC Climatological Summary, 1915-76, wind nearest Aniak"
155,"McGrath",1,62.94,-155.57,0,0,4,4,3,3,35,1.00,1.00,300.00,0,,6.50,,8.26,,,,,,,,"Oct 2016 Weather and Location Data. fuel costs from  1/2018; Weather info in Weather database - DO NOT ENTER HERE;"
156,"Nikolai",1,63.01,-154.37,0,0,4,4,4,4,35,1.00,0.91,400.00,0,,8.00,,,,,,,,,,"Oct 2016 Weather and Location Data. fuel costs from 1/2018; HDD, Temp, Elev from AEIDC Climatological Summary, 1970-76, wind nearest Mcgrath"
157,"Shageluk",1,62.65,-159.52,0,0,4,4,4,4,6,0.55,0.99,100.00,0,,6.00,,,,,,,,,,"Oct 2016 Weather and Location Data. fuel costs from 1/2018; HDD,dbT and wind from nearest: Holy Cross"
158,"Takotna",1,62.98,-156.09,0,0,4,4,4,4,35,1.00,1.01,700.00,0,,3.41,,3.44,,,,,,,,"Oct 2016 Weather and Location Data. 1/15; all weather from nearest:McGrath (14 mi); Fuel survey 1/2018"
159,"Beaver",1,66.36,-147.39,0,0,4,4,5,5,38,1.00,1.12,400.00,0,,3.24,,,,,,,,,,"fuel price from 7/2017 - Evert's Flying Service; dT from BEES,Elev.(at airstrip) from Alaska Wilderness Milepost 1989, HDD, dbT and wind from nearest: Bettles"
160,"Birch Creek",1,66.26,-145.81,0,0,4,4,5,5,38,1.00,1.13,400.00,0,161,3.42,,,,,,,,,,"Oct 2016 Weather and Location Data. 7/2017 fuel  brought on Evert's DC6; weather from nearest: Ft. Yukon"
161,"Fort Yukon",1,66.56,-145.24,0,0,4,4,4,4,38,1.00,1.07,400.00,0,,5.60,,8.35,,,,,,0.03,,"Oct 2016 Weather and Location Data. fuel costs from  1/2018;  HDD, Temp, Elev from AEIDCClimatological Summary, 1922-87, wind m/s from WERA, dT from BEES;"
162,"Venetie",1,67.01,-146.41,0,0,4,4,5,5,7,1.00,1.20,600.00,0,,8.50,,12.71,,,,,,,,"Oct 2016 Weather and Location Data. fuel costs from 1/2018;  HDD, Temp, Elev from AEIDC Climatological Summary, 1962-66"
163,"Alatna",1,66.56,-152.70,0,0,4,4,4,4,7,1.00,1.08,500.00,0,,7.00,,11.44,,,,,,,,"Weather and Location Data. fuel costs from 1/2018; weather from nearest: Allakaket, dT from Bettles;"
164,"Evansville",1,66.91,-151.49,0,0,4,4,4,4,7,1.00,1.00,600.00,0,,3.91,,8.47,,,,,,,,"Oct 2016 Weather and Location Data. fuel costs from  1/2017; weather from nearest: Bettles"
165,"Galena",1,64.74,-156.86,0,0,4,4,3,3,46,1.00,0.98,100.00,0,,5.45,,7.90,,,,,,0.03,,"Oct 2016 Weather and Location Data. fuel costs from  1/2018; HDD, Temp, Elev from AEIDC Climatological Summary, 1949-87;"
166,"Hughes",1,66.04,-154.25,0,0,4,4,4,4,46,1.00,1.09,300.00,0,,9.00,,13.35,,,,,,,,"Oct 2016 Weather and Location Data. fuel costs from  1/2018; HDD, Temp, Elev from AEIDC Climatological Summary, 1941-70;"
167,"Huslia",1,65.70,-156.38,0,0,4,4,4,4,46,1.00,1.06,200.00,0,,5.70,,8.90,,,,,,,,"Oct 2016 Weather and Location Data. fuel costs from 1/2018; weather from nearest: Hughes;"
168,"Kaltag",1,64.32,-158.72,0,0,4,4,4,4,35,1.00,1.05,100.00,0,,4.00,,8.47,,,,,,,,"Oct 2016 Weather and Location Data. fuel costs from  1/2018; elev.from Ak. Wilderness Milepost 1989, weather from nearest: Nulato"
169,"Koyukuk",1,64.88,-157.70,0,0,4,4,5,5,35,1.00,1.04,100.00,0,,6.50,,8.47,,,,,,,,"Oct 2016 Weather and Location Data. fuel costs from 1/2018; elev. From Ak. Wilderness Milepost 1989, dbT from Nulato;"
170,"Minchumina",1,63.89,-152.28,0,0,4,4,4,4,48,1.00,0.96,700.00,0,,,,,,,,,,,,"Oct 2016 Weather and Location Data. HDD, Temp, Elev from AEIDC Climatological Summary, 1967-69;75-87"
171,"Manley Hot Springs",1,64.99,-150.63,0,0,4,4,3,3,46,1.00,1.08,300.00,0,,4.10,,,,,,,,,,"Oct 2016 Weather and Location Data. fuel costs from 1/2018; HDD, Temp, Elev from AEIDC Climatological Summary, 1930-87, wind nearest Tanana;"
172,"Minto",1,65.15,-149.35,0,0,4,4,4,4,19,1.00,1.05,400.00,0,,3.40,,5.40,,,,,,,,"Oct 2016 Weather and Location Data. fuel costs from 1/2018 elev. From Ak. Wilderness Milepost 1989, HDD, dbT from Rampart"
173,"Nulato",1,64.73,-158.11,0,0,4,4,4,4,35,1.00,1.07,200.00,0,,4.25,,8.69,,,,,,,,"Oct 2016 Weather and Location Data. fuel costs from 1/2018; Temp, Elev from AEIDCClimatological Summary, 1922-24;31-44,"
174,"Rampart",1,65.51,-150.15,0,0,4,4,4,4,46,1.00,1.02,300.00,0,,5.00,,,,,,,,,,"Oct 2016 Weather and Location Data. Fuel costs fro 1/2018; HDD, Temp, Elev from AEIDC Climatological Summary, 1963-70;75-78"
175,"Ruby",1,64.73,-155.48,0,0,4,4,4,4,46,1.00,0.97,300.00,0,,5.25,,9.75,,,,,,,,"Oct 2016 Weather and Location Data. fuel costs from 1/2018; Temp, Elev from AEIDC Climatological Summary, 1922-42, HDD from McGrath;"
176,"Stevens Village",1,66.00,-149.09,0,0,4,4,4,4,7,1.00,1.15,300.00,0,,,,,,,,,,,,"Oct 2016 Weather and Location Data. HDD, dbT from Rampart;"
177,"Tanana",1,65.17,-152.06,0,0,4,4,2,2,46,1.00,1.00,200.00,0,,4.25,,8.00,,,,,,,,"Oct 2016 Weather and Location Data. SALES TAX DOES NOT ncl  fuel costs from 1/2018; HDD, Temp, Elev from AEIDC Climatological Summary, 1922-87, wind m/s from WERA, dT from BEES"
178,"Wiseman",1,67.41,-150.12,0,0,4,4,4,4,7,1.00,0.99,1300.00,0,,,,,,,,,,,,"Oct 2016 Weather and Location Data. HDD from AEIDC Climatological Summary, 1936-52"
179,"Dot Lake",1,63.64,-144.04,0,0,4,4,3,3,8,1.00,0.94,1500.00,0,,3.45,,3.50,,,,,,,,"Oct 2016 Weather and Location Data. fuel costs from  1/2018; HDD, Temp, Elev from AEIDC Climatological Summary, 1965-74;wind from WERA map class"
181,"Eagle",1,64.78,-141.20,0,0,4,4,3,3,17,1.00,0.99,900.00,0,,3.95,,5.00,,,,,,,,"Oct 2016 Weather and Location Data. fuel costs from 1/2018; HDD, Temp, Elev from AEIDC Climatological Summary, 1972-87;"
182,"Healy",1,63.90,-149.04,0,0,4,4,2,2,13,1.00,0.86,1400.00,0,,2.75,,4.10,,,,,,,,"Oct 2016 Weather and Location Data. fuel costs from  1/2018;  HDD, Temp, Elev from AEIDC Climatological Summary, 1976-87, wind from WERA map class;"
183,"Northway",1,62.96,-141.86,0,0,4,4,3,3,39,1.00,1.00,1700.00,0,,3.45,,3.44,,,,,,,,"Oct 2016 Weather and Location Data. fuel costs from 1/2018 ; HDD, Temp, Elev from AEIDC Climatological Summary, 1949-87, wind m/s from WERA, dT from BEES"
184,"Tanacross",1,63.36,-143.39,0,0,4,4,2,2,47,1.00,0.97,1500.00,0,,3.45,,3.50,,,,,,,,"Oct 2016 Weather and Location Data. fuel costs from 1/2018; HDD, Temp, Elev from AEIDC Climatological Summary, 1941-67, wind and dT from nearest :Tok"
185,"Tetlin",1,63.13,-142.52,0,0,4,4,3,3,39,1.00,1.04,1600.00,0,,3.25,,3.50,,,,,,,,"Oct 2016 Weather and Location Data. fuel costs from 1/2018; weather and wind from nearest: Tok"
186,"Tok",1,63.33,-143.04,0,0,4,4,3,3,47,1.00,1.00,1600.00,0,,3.25,,2.84,,,,,,,,"Oct 2016 Weather and Location Data. fuel costs from 1/2018; HDD, Temp, Elev from AEIDC Climatological Summary, 1954-87Degree days, design temp from BEES, wind from WERA map class;"
188,"Haines",1,59.23,-135.45,0,1,1,1,2,2,25,1.00,1.21,100.00,0,,3.25,3.15,3.50,,,,,,0.05,,"Oct 2016 Weather and Location Data. fuel costs from 1/2018; HDD, Temp, Elev from AEIDC Climatological Summary, 1973-87, wind m/s from WERA;"
189,"Elfin Cove",1,58.19,-136.33,0,0,1,1,3,3,52,1.78,0.84,900.00,0,,3.74,,6.14,,,,,,,,"Oct 2016 Weather and Location Data. fuel costs from 1/2018; HDD, Temp, Elev from AEIDC Climatological Summary, 1975-87"
190,"Gustavus",1,58.42,-135.73,0,0,1,1,3,3,4,1.00,1.00,0.00,0,,3.87,3.85,4.07,,,,,,0.03,,"Oct 2016 Weather and Location Data. fuel costs from  1/2018; HDD, Temp, Elev from AEIDC Climatological Summary, 1977-87, wind m/s from WERA;"
191,"Hoonah",1,58.10,-135.43,0,0,1,1,3,3,4,1.00,1.04,200.00,0,,3.49,,,,,,,,0.06,,"Oct 2016 Weather and Location Data. fuel costs from  1/2018; HDD,  Elev from AEIDC Climatological Summary, 1979-87, wind from WERA map class;"
192,"Pelican",1,57.96,-136.22,0,0,1,1,3,3,4,1.00,1.00,200.00,0,,3.51,,4.75,,,,,,0.04,,"Oct 2016 Weather and Location Data. fuel costs from 1/2018; HDD, Temp, Elev from AEIDCClimatological Summary, 1967-87, wind from WERA map class; fuel costs from Pelican Distribtors, 11/95;"
193,"Yakutat",1,59.54,-139.72,0,0,1,1,2,2,52,1.00,0.99,100.00,0,,3.58,3.67,5.45,,,,,,0.00,0.05,"Oct 2016 Weather and Location Data. fuel costs from 1/2018; Weather from NOAA LCD Summary 1990; design temp from Western Sun; fuel prices from Delta Western, 11/03  survey; AVEC took over electricity June 2017"
194,"Klukwan",1,59.39,-135.89,0,0,1,1,3,3,25,1.00,1.27,200.00,0,,3.25,3.15,,,,,,,,0.05,"Oct 2016 Weather and Location Data. fuel costs from 1/2018; for Haines; wind from WERA map class, HDD and dbT from BEES"
195,"Skagway",1,59.46,-135.31,0,1,1,1,2,2,25,1.00,1.29,0.00,0,,3.14,3.04,4.00,,,,,,0.03,,"Oct 2016 Weather and Location Data. fuel costs from 1/2018; HDD, Temp, Elev from AEIDC Climatological Summary, 65-72;1982-87, wind from WERA map class;"
199,"Tenakee Springs",1,57.78,-135.21,0,0,1,1,3,3,25,1.00,1.13,100.00,0,,3.14,2.92,3.62,,,,,,0.02,,"Oct 2016 Weather and Location Data. fuel costs from 1/2018; HDD, Temp, Elev from AEIDC Climatological Summary, 1969-83wind from WERA map class;"
200,"Juneau, Airport",1,58.35,-134.53,0,1,1,1,1,1,4,1.00,1.00,0.00,0,292,2.96,2.91,3.00,,,,,,0.05,,"Oct 2016 Weather and Location Data. fuel costs from  1/2018; Weather info in Weather database - DO NOT ENTER HERE;"
201,"Sitka",1,57.06,-135.33,0,1,1,1,2,2,42,1.00,0.97,100.00,0,,2.72,2.71,,,,,,,0.05,,"Oct 2016 Weather and Location Data. fuel costs from 1/2018  HDD, Temp, Elev from AEIDC Climatological Summary, 1922-87, wind m/s from WERA; oil and propane costs from average of survey, 11/01 phone survey; spruce from RHD survey, 8//94; no birch available"
202,"Wrangell",1,56.42,-132.35,0,1,1,1,3,3,51,1.00,1.00,0.00,0,,2.98,3.19,,,,,,,0.00,0.07,"Oct 2016 Weather and Location Data. fuel costs from 1/2018;  HDD, Temp, Elev from AEIDC Climatological Summary, 1922-87;"
203,"Kake",1,56.97,-133.93,0,0,1,1,3,3,32,1.00,0.97,100.00,0,,3.85,,3.99,,,,,,0.05,,"Oct 2016 Weather and Location Data. fuel costs from  1/2018; HDD, Temp, Elev from AEIDC Climatological Summary,1922-36; 1972-87, wind from WERA map class; oil rates from Kake Tribal Fuel (785-6427) Propane from Arrowhead LP Gas (785-3156)"
204,"Petersburg",1,56.80,-132.95,0,1,1,1,2,2,51,1.00,0.99,0.00,0,,2.98,,,,,,,,0.06,,"Oct 2016 Weather and Location Data. fuel costs from 1/2018; HDD, Temp, Elev from AEIDC Climatological Summary, 1937-83,83-87 avg, wind m/s from WERA; oil from Petro Marine 11/01 phone survey"
205,"Port Alexander",1,56.25,-134.65,0,0,1,1,3,3,32,1.00,1.01,0.00,0,,3.49,3.39,,,,,,,0.04,,"Oct 2016 Weather and Location Data. fuel costs from 7/15 City says their prices are Sitka prices plus $.30 in summer and $.50 in winter; propane is $25 freight per 100 lb tank from Sitka;  HDD, Temp, Elev from AEIDC Climatological Summary, 1949-63,78-87 1"
207,"Ketchikan",1,55.35,-131.66,0,1,1,1,1,1,51,1.00,1.08,500.00,0,,3.02,2.92,3.08,,,,,,0.03,0.02,"Oct 2016 Weather and Location Data. fuel costs from  1/2018; Weather info in Weather database - DO NOT ENTER HERE; design temp from Annette;"
208,"Saxman",1,55.32,-131.59,0,0,1,1,1,1,3,1.00,1.01,100.00,0,207,3.02,2.92,3.08,,,,,,0.04,0.02,"Oct 2016 Weather and Location Data. fuel costs from 1/2018; HDD, dbtT from nearest:Ketchikan; fuel prices from Ketchikan"
209,"Ward Cove",1,55.41,-131.72,0,1,1,1,1,1,3,1.00,0.98,200.00,0,207,3.02,2.92,3.08,,,,,,0.03,0.02,"Oct 2016 Weather and Location Data. fuel costs from 1/2018; HDD, dbT, wind from nearest: Ketchikan"
210,"Metlakatla",1,55.12,-131.57,0,1,1,1,3,3,3,1.00,1.02,0.00,0,207,3.00,2.90,4.45,,,,,,,,"Oct 2016 Weather and Location Data. fuel costs from 1/2018; wind m/s from WERA"
211,"Hyder",1,55.91,-130.02,0,0,1,1,3,3,25,1.00,1.17,100.00,0,,,,,,,,,,,,"Oct 2016 Weather and Location Data. weather from nearest: Ketchikan"
213,"Hollis",1,55.48,-132.66,0,0,1,1,3,3,51,1.00,1.09,0.00,0,,3.14,,2.84,,,,,,,,"Oct 2016 Weather and Location Data. fuel costs from  1/2018 survey; HDD, Temp, Elev from AEIDC Climatological Summary, 1949-50,52-64,87, wind from WERA map class;"
214,"Craig",1,55.47,-133.13,0,1,1,1,3,3,3,1.00,1.00,0.00,0,,3.04,3.04,2.92,,,,,,0.05,,"Oct 2016 Weather and Location Data. fuel costs from  1/2018; HDD, Temp, Elev from AEIDC Climatological Summary, 1936-53; wind from WERA map class;"
215,"Hydaburg",1,55.20,-132.82,0,0,1,1,3,3,42,1.00,1.12,0.00,0,,3.14,,2.84,,,,,,0.06,,"Oct 2016 Weather and Location Data. fuel costs from  1/2018 survey; Temp, Elev from AEIDCClimatological Summary, 1923-32, wind from WERA map class;"
216,"Kasaan",1,55.54,-132.41,0,1,1,1,3,3,51,1.00,1.07,100.00,0,,3.14,3.04,2.74,,,,,,,,"Oct 2016 Weather and Location Data. fuel costs from 1/2018 survey; weather from nearest: Hollis"
217,"Klawock",1,55.55,-133.08,0,1,1,1,3,3,51,1.00,1.09,0.00,0,,3.04,2.94,2.69,,,,,,0.05,,"Oct 2016 Weather and Location Data. fuel costs from  1/2018 survey; Temp, Elev from AEIDC Climatological Summary, 1908-87, wind from WERA map class,"
223,"Point Baker",1,56.34,-133.61,0,0,1,1,2,2,32,1.00,1.06,100.00,0,,4.85,4.80,4.65,,,,,,,,"Oct 2016 Weather and Location Data. fuel costs from 1/2018; dbT from Port Protection (2 mi);"
226,"Port Protection",1,56.32,-133.60,0,0,1,1,2,2,32,1.00,1.06,100.00,0,,4.65,,4.60,,,,,,,,"Oct 2016 Weather and Location Data. 2 mi from Point Baker on NW Prince of Wales Is.,HDD, Temp, Elev from AEIDC Climatological Summary, 1983-87; fuel prices from Point Baker 7/2016"
227,"Thorne Bay",1,55.67,-132.52,0,1,1,1,3,3,51,1.00,1.06,0.00,0,,2.98,2.88,2.84,,,,,,0.06,,"Oct 2016 Weather and Location Data. fuel costs from 1/2018;  HDD, dbT, wind from Hollis; oil and propane prices from fuel suppliers: 3/98"
229,"Chistochina",1,62.58,-144.65,0,0,4,4,3,3,21,1.00,0.96,1900.00,0,,2.75,,,,,,,,,,"Oct 2016 Weather and Location Data. fuel costs from  1/2018;  HDD, dbT from nearest: Gakona;"
230,"Gakona",1,62.30,-145.25,0,0,4,4,3,3,21,1.00,0.99,1700.00,0,,2.75,,3.44,,,,,,,,"Oct 2016 Weather and Location Data. fuel costs from 1/2018 survey"
231,"Glennallen",1,62.10,-145.56,0,0,4,4,2,2,21,1.00,1.00,1400.00,0,,2.75,,3.61,,,,,,,,"Oct 2016 Weather and Location Data. fuel costs from 1/2018; HDD, Temp, Elev from AEIDC Climatological Summary, 1965-87, wind nearest Gulkana; oil and propane from Fisher Fuel in 11/01 phone survey"
232,"Gulkana",1,62.26,-145.38,0,0,4,4,3,3,21,1.00,1.00,1400.00,0,,2.75,,3.44,,,,,,,,"Oct 2016 Weather and Location Data. fuel costs from  1/2018; Weather info in Weather database - DO NOT ENTER HERE;"
233,"Kenny Lake",1,61.72,-144.91,0,0,4,4,3,3,21,1.00,0.92,1300.00,0,,2.75,,3.44,,,,,,,,"Oct 2016 Weather and Location Data. fuel costs from  1/2018; HDD, Temp, Elev from AEIDC Climatological Summary, 1961-69;"
234,"McCarthy",1,61.42,-142.92,0,0,4,4,3,3,21,1.00,0.94,1400.00,0,,2.87,,4.04,,,,,,,,"Oct 2016 Weather and Location Data. fuel costs from 7/2017; HDD, Temp, Elev from AEIDC Climatological Summary, 1968-76,76-83,83-87 averaged, wind from WERA map class"
235,"Mentasta Lake",1,62.93,-143.71,0,0,4,4,3,3,36,1.00,0.97,2300.00,0,,2.85,,3.47,,,,,,,,"Oct 2016 Weather and Location Data. fuel costs from 1/2018; 38 miles SW of Tok, weather from Tok;"
236,"Paxson",1,63.02,-145.51,0,0,4,4,3,3,21,1.00,0.97,2600.00,0,,2.85,,4.04,,,,,,,,"Oct 2016 Weather and Location Data. HDD, Temp, Elev from AEIDC Climatological Summary, 1975-87, wind from WERA map class; fuel prices from 1/2018"
237,"Slana",1,62.70,-143.89,0,0,4,4,4,4,21,1.00,0.95,2200.00,0,,2.75,,3.44,,,,,,,,"Oct 2016 Weather and Location Data. fuel costs from 1/2018; HDD, Temp, Elev from AEIDC Climatological Summary, 1957-75,78-87"
238,"Tazlina",1,62.06,-145.42,0,0,4,4,3,3,21,1.00,0.99,1100.00,0,,2.75,,3.44,,,,,,,,"Oct 2016 Weather and Location Data. fuel costs from 1/2018; HDD, dbT, wind from Glenallen"
239,"Tonsina",1,61.66,-145.18,0,0,2,2,3,3,21,1.00,0.89,1500.00,0,,2.75,,3.44,,,,,,,,"Oct 2016 Weather and Location Data. fuel costs from 1/2018; HDD, Temp, Elev from AEIDC Climatological Summary, 1963-87"
240,"Eyak",1,60.56,-145.70,0,0,2,2,3,3,15,2.51,1.07,1900.00,1,38,2.76,,3.99,,,,,,,,"Oct 2016 Weather and Location Data. weather from nearest: Valdez"
241,"Chenega",1,60.06,-148.00,0,0,2,2,3,3,33,1.00,1.14,200.00,0,286,5.94,,,,,,,,,,"Oct 2016 Weather and Location Data. fuel costs from  1/2018; HDD,dbT, dT from Seward, Wind from Cordova"
242,"Tatitlek",1,60.87,-146.68,0,0,2,2,3,3,10,1.00,1.07,100.00,0,,,,,,,,,,,,"Oct 2016 Weather and Location Data. weather data from nearest: Valdez,elev. (at airstrip) from Ak. Wilderness Milepost 1989"
243,"Valdez",1,61.12,-146.28,0,0,2,2,2,2,49,1.00,0.99,0.00,0,,3.05,,3.75,,,,,,,,"Oct 2016 Weather and Location Data. fuel costs from 1/2018;  HDD, Temp, Elev from NOAA 1990 Comparative Summary;"
244,"Whittier",1,60.77,-148.68,0,0,2,2,2,2,10,1.00,0.96,0.00,0,,2.75,,,,,,,,0.05,,"Oct 2016 Weather and Location Data. fuel costs from 1/2018; HDD, Temp, Elev from AEIDC Climatological Summary, 1942-73,82-87;"
245,"English Bay/Nanwal",1,59.35,-151.91,0,0,2,2,2,2,23,1.35,0.92,100.00,0,,4.94,,,,,,,,,,"Oct 2016 Weather and Location Data. fuel costs from 1/2018; weather from nearest: Seldovia"
246,"Port Graham",1,59.34,-151.83,0,0,2,2,3,3,23,1.00,0.92,100.00,0,,3.08,,,,,,,,,0.03,"Oct 2016 Weather and Location Data. fuel costs from 1/2018; HDD, dbT, and wind from nearest: Seldovia, elev. (at airstrip) from Ak. Wilderness Milepost 1989,"
247,"Seward",1,60.11,-149.43,0,0,2,2,1,1,41,1.00,1.00,0.00,0,,2.69,,4.10,,,,,,0.04,0.03,"Oct 2016 Weather and Location Data. fuel costs from 1/2018; HDD, Temp, Elev from AEIDC Climatological Summary, 1930-87, wind nearest Cordova, dT from BEES;"
248,"Anchor Point",1,59.76,-151.78,0,0,2,2,1,1,22,1.00,0.98,200.00,0,,2.73,,4.10,,,,,,,0.03,"Oct 2016 Weather and Location Data. fuel costs from 1/2018 ; Propane is average of costs for those who own tank and those who rent; Elev. From Alaska Wilderness Milepost 1989, weather from nearest: Homer;"
249,"Clam Gulch",1,60.21,-151.41,0,0,2,2,2,2,26,1.00,1.03,300.00,0,,2.75,,4.10,,,,,,,0.03,"Oct 2016 Weather and Location Data. fuel costs from  1/2018; HDD, dT from BEES; wind, dbTfrom nearest- Kenai;"
257,"Homer",1,59.65,-151.53,0,0,2,2,1,1,22,1.00,1.02,300.00,0,,2.72,,4.10,,,,,,0.04,0.03,"Oct 2016 Weather and Location Data. fuel costs from  1/2018 survey; Weather info in Weather database - DO NOT ENTER HERE;"
258,"Hope",1,60.90,-149.62,0,0,2,2,2,2,14,1.00,0.96,100.00,0,,2.69,,4.10,,,,,,,0.03,"Oct 2016 Weather and Location Data. fuel costs from  1/2018;delivered from Seward Shoreside Petroleum; weather from AEIDC:1979-87; wind from WERA;"
261,"Kasilof",1,60.33,-151.24,0,0,2,2,1,1,26,1.00,1.06,200.00,0,262,2.75,,4.10,,,,,,,0.03,"Oct 2016 Weather and Location Data. fuel costs from 1/2018; HDD, Temp, Elev from AEIDC Climatological Summary, 1951-87, wind nearest Kenai;"
262,"Kenai",1,60.55,-151.23,0,0,2,2,1,1,26,1.00,1.00,100.00,0,,2.75,,4.10,,,,,,0.03,0.03,"1/2018; HDD, Temp, Elev from AEIDC Climatological Summary, 1943-87, m/s from WERA;"
263,"Moose Pass",1,60.50,-149.42,0,0,2,2,2,2,14,1.00,0.87,500.00,0,247,2.69,,4.10,,,,,,,0.03,"Oct 2016 Weather and Location Data. fuel costs from 1/2018; HDD, Temp, Elev from AEIDC Climatological Summary, 1952-54,66-78-83-87, wind from WERA map class;"
264,"Nikiski",1,60.69,-151.28,0,0,2,2,1,1,26,1.00,0.96,100.00,0,,2.75,,4.10,,,,,,,0.03,"Oct 2016 Weather and Location Data. fuel costs from 1/2018;  HDD, Temp, Elev from AEIDC Climatological Summary, 1967-78;"
265,"Nikolaevsk",1,59.80,-151.62,0,0,2,2,1,1,22,1.35,0.99,700.00,0,,2.75,,4.10,,,,,,,0.03,"Oct 2016 Weather and Location Data. fuel costs from 1/2018; weather from Ninilchik"
266,"Ninilchik",1,60.05,-151.58,0,0,2,2,1,1,26,1.00,0.99,200.00,0,270,2.73,,4.10,,,,,,,0.03,"Oct 2016 Weather and Location Data. fuel costs from 1/2018; HDD, Temp, Elev from AEIDC Climatological Summary, 1957-68, wind nearest Kenai, dT from BEES;"
269,"Seldovia",1,59.43,-151.71,0,0,2,2,2,2,23,1.00,0.93,0.00,0,,4.38,,5.55,,,,,,0.03,0.03,"Oct 2016 Weather and Location Data. fuel costs from 1/2018; HDD, Temp, Elev from AEIDC Climatological Summary, 1967-76, wind from WERA map class;"
270,"Soldotna",1,60.48,-151.08,0,0,2,2,1,1,26,1.00,1.04,100.00,0,,2.75,,4.10,,,,,,0.03,0.03,"Oct 2016 Weather and Location Data. fuel costs from 1/2018 HDD, Temp, Elev from AEIDC Climatological Summary, 1962-69,wind nearest Kenai, dT from CRELL Design Data;"
271,"Sterling",1,60.51,-150.84,0,0,2,2,1,1,26,1.00,1.05,300.00,0,270,2.75,,4.10,,,,,,,0.03,"Oct 2016 Weather and Location Data. fuel costs from 1/2018; HDD, Temp, Elev from AEIDC Climatological Summary, 1954-61,66-68, wind from nearest:Kenai, dT from Soldotna;"
272,"Tyonek",1,61.07,-151.15,0,0,2,2,3,3,9,1.64,0.97,100.00,0,,4.75,,,,,,,,,,"Oct 2016 Weather and Location Data. fuel costs from 1/2018; HDD, Temp, Elev from AEIDC Climatological Summary, 1967-70"
274,"Houston",1,61.60,-149.76,0,0,2,2,1,1,50,1.00,1.03,200.00,0,281,2.75,,3.84,,,,,,0.02,,"Oct 2016 Weather and Location Data. fuel costs from  1/2018; weather from nearest: Wasilla"
275,"Girdwood",1,60.94,-149.16,0,0,2,2,1,1,1,1.00,1.00,0.00,0,1,3.14,,4.50,,,,,,,,"Oct 2016 Weather and Location Data. fuel costs from 1/2018; weather from AEIDC:1955-66.77-78"
276,"Palmer",1,61.60,-149.11,0,0,2,2,1,1,34,1.00,1.00,200.00,0,,2.75,,3.84,,,,,,0.03,,"Oct 2016 Weather and Location Data. fuel costs from 1/2018;  HDD, Temp, Elev from AEIDC Climatological Summary, 1948-87, wind from WERA map class, dT from Anchorage; fuel prices from 11/2003 survey"
277,"Skwentna",1,61.95,-151.16,0,0,2,2,3,3,50,1.00,0.96,200.00,0,,,,,,,,,,,,"Oct 2016 Weather and Location Data. HDD, Temp, Elev from AEIDC Climatological Summary, 1939-59,71-75,79-87, wind m/s from WERA"
278,"Sutton",1,61.71,-148.89,0,0,2,2,1,1,44,1.00,1.00,500.00,0,,2.75,,3.84,,,,,,,,"Oct 2016 Weather and Location Data. fuel costs from 1/2018; HDD, Temp, Elev from AEIDC Climatological Summary, 1978-87, dT from Anchorage; oil prices from Service Oil & Gas, 10/00"
279,"Talkeetna",1,62.28,-150.08,0,0,2,2,1,1,45,1.00,0.99,400.00,0,,2.75,,3.84,350.00,,,,,,,"Oct 2016 Weather and Location Data. fuel costs from 1/2018; Weather data in Weather City Library - DO NOT INCLUDE HERE! Wind m/s from WERA; design temp estimated;"
280,"Trapper Creek",1,62.31,-150.28,0,0,2,2,1,1,45,1.00,1.01,400.00,0,,2.75,,3.84,,,,,,,,"Oct 2016 Weather and Location Data. fuel costs from 1/2018; Degree days, db temp from BEES Appendix, wind nearest: Talkeetna"
281,"Wasilla",1,61.58,-149.45,0,0,2,2,1,1,34,1.42,0.99,300.00,0,,2.75,,3.84,,,,,,0.03,,"Oct 2016 Weather and Location Data. fuel costs from 1/2018;  Weather info in Weather database - DO NOT ENTER HERE; design temp from Anchorage"
282,"Willow",1,61.75,-150.02,0,0,2,2,1,1,50,1.00,0.98,200.00,0,,2.75,,3.84,,,,,,,,"Oct 2016 Weather and Location Data. fuel costs from 1/2018; HDD, Temp, Elev from AEIDC Climatological Summary, 1960-71;"
283,"Akhiok",1,56.94,-154.17,0,0,2,2,3,3,29,1.07,1.08,0.00,0,,2.87,,7.42,,,,,,,,"Weather and Location Data. oil from 8/2016, dT from BEES nearest: Kodiak, HDD, dbT from nearest: Kodiak (1960-81), Fuel prices from City of Akhiok 1/2018"
284,"Chiniak",1,57.61,-152.21,0,0,2,2,3,3,29,1.00,0.99,0.00,0,286,3.18,,,,,,,,,,"Oct 2016 Weather and Location Data.Fuel from 1/2018; weather info from nearest: Kodiak"
285,"Karluk",1,57.55,-154.43,0,0,2,2,3,3,28,2.01,1.06,700.00,0,,4.92,,,,,,,,,,"Oct 2016 Weather and Location Data. fuel costs from 1/2018; elev. From Ak. Wilderness Milepost 1989, weather from Kodiak; oil prices  from 11/2007 survey"
286,"Kodiak",1,57.79,-152.39,0,1,2,2,2,2,29,1.00,0.99,100.00,0,,2.88,,5.09,,,,,,,,"Oct 2016 Weather and Location Data. NO SALES TAX ON HEATING FUEL: fuel costs from  1/2018; Weather info in Weather database - DO NOT ENTER HERE; dT from BEES;"
287,"Larsen Bay",1,57.53,-153.98,0,1,2,2,3,3,29,0.58,1.10,0.00,0,,3.60,,8.55,,,,,,0.03,,"Oct 2016 Weather and Location Data. fuel costs from  1/2018; HDD, Temp, Elev from AEIDC Climatological Summary, 1951-68, wind from WERA map class;"
288,"Old Harbor",1,57.20,-153.30,0,0,2,2,3,3,29,0.58,1.11,0.00,0,,4.07,3.97,,,,,,,0.03,,"Oct 2016 Weather and Location Data. fuel costs from 1/2018; HDD, Temp, Elev from Kodiak; wind from WERA map class, dT from BEES;"
289,"Ouzinkie",1,57.92,-152.50,0,0,2,2,3,3,29,1.00,0.99,0.00,0,,2.76,,6.36,,,,,,0.03,,"Oct 2016 Weather and Location Data. fuel costs from 1/2018; weather from nearest:Kodiak;"
290,"Port Lions",1,57.86,-152.87,0,0,2,2,3,3,28,1.00,0.98,100.00,0,,3.70,,,,,,,,,,"Oct 2016 Weather and Location Data. fuel costs from 1/2018; weather from nearest: Kodiak,elev. From Ak. Wilderness Milepost 1989; fuel costs from 6/08"
292,"Juneau, City of",1,58.35,-134.53,0,1,1,1,1,1,4,1.00,1.00,0.00,0,,2.96,2.91,3.00,,,,,,0.05,,"Oct 2016 Weather and Location Data. fuel costs from  1/2018; Weather info in Weather database - DO NOT ENTER HERE;"
293,"Fairbanks",1,64.83,-147.71,0,0,4,4,2,2,19,1.00,0.98,400.00,0,,2.89,,3.99,350.00,250.00,,10.50,23.40,,,"Oct 2016 Weather and Location Data. fuel costs from 1/2018; Weather info in Weather database - DO NOT ENTER HERE;"
294,"Alakanuk",1,62.68,-164.66,0,0,4,3,4,4,37,1.00,0.87,0.00,0,,5.52,,,,,,,,0.04,,"Weather and Location Data. fuel prices from 1/2018"
295,"Aleknagik",1,59.27,-158.62,0,0,3,3,3,3,27,0.66,1.02,100.00,0,,3.15,,,,,,,,0.05,,"fuel prices from 1/2018"
296,"Anaktuvuk Pass - C",1,68.14,-151.73,0,0,6,5,5,5,7,1.00,1.09,2200.00,0,,8.35,,16.95,,,,,,0.03,," Weather and Location Data. Fuel costs are from 1/2018; large discrepancy between residential subsidized rate and commercial rate ($1.50/$8.35) ; wind from WERA,"
298,"Indian",1,60.99,-149.50,0,0,2,2,1,1,1,1.00,1.04,100.00,0,,3.12,,4.10,,,,,,,,"Oct 2016 Weather and Location Data. fuel costs from  1/2018; weather data from nearest: Anchorage."
299,"Chugiak",1,61.38,-149.48,0,0,2,2,1,1,34,1.00,0.96,400.00,0,,3.12,,4.10,,,,,,,,"Oct 2016 Weather and Location Data. fuel costs from  1/2018; weather data from nearest: Anchorage"
300,"Eagle River",1,61.32,-149.57,0,0,2,2,1,1,34,1.42,0.95,300.00,0,1,3.09,,4.10,,,,,,,,"Oct 2016 Weather and Location Data. fuel costs from 1/2018 for Anchorage plus $ .15 and propane from Amerigas"
301,"Douglas",1,58.27,-134.39,0,1,1,1,1,1,25,1.00,1.00,100.00,0,292,2.75,2.66,3.15,,,,,,,0.05,"Oct 2016 Weather and Location Data. fuel costs from  1/2018"
302,"Nenana",1,64.55,-149.08,0,0,4,4,2,2,19,1.00,1.02,400.00,0,,3.61,,4.44,,,,,,0.04,,"Oct 2016 Weather and Location Data. fuel costs from 1/2018;  Weather from AEIDC Climate Smmary 1922-25,30-76,83-87;"
304,"North Pole",1,64.74,-147.34,0,0,4,4,2,2,38,1.00,1.00,500.00,0,293,2.89,,3.99,,,,,,0.04,,"Oct 2016 Weather and Location Data. fuel costs from 1/2018;  weather and wind from EZ-Rater database"
305,"Anderson",1,64.34,-149.19,0,0,4,4,2,2,19,1.00,0.99,500.00,0,,3.61,,4.44,,,,,,0.06,," Weather and Location Data. fuel costs from 1/2018 ; Fairbanks weather data;"
306,"Dutch Harbor",1,53.89,-166.53,0,0,2,3,3,3,16,1.07,1.00,0.00,0,151,3.19,3.19,,,,,,,0.03,,"Oct 2016 Weather and Location Data. fuel costs from 1/2018; wind from WERA;"
307,"Salcha",1,64.54,-147.00,0,0,4,4,3,3,18,1.00,1.01,600.00,0,,3.10,,3.75,,,,,,,,"Oct 2016 Weather and Location Data. fuel costs from 1/2018; Fairbanks weather data; fuel prices from 11/2003 survey"
308,"Denali Nat'l Park",1,63.63,-148.79,0,0,4,4,3,3,13,1.00,0.78,2000.00,0,302,3.25,,4.44,,,,,,,,"Oct 2016 Weather and Location Data.  Fuel cost update 1/2018"
309,"Ester",1,64.85,-147.97,0,0,4,4,2,2,13,1.00,1.01,900.00,0,293,2.89,,3.99,,,,,,,,"Oct 2016 Weather and Location Data. fuel costs from  1/2018; Fairbanks weather data;"
310,"Bird Creek",1,60.96,-149.43,0,0,2,2,1,1,1,1.00,1.02,100.00,0,1,3.12,,5.60,,,,,,,,"Fuel costs from  1/2018; propane a mix of Suburban and Amerigas prices"
311,"Whale Pass",1,56.11,-133.15,0,0,1,1,4,4,51,1.00,1.07,200.00,0,0,3.14,3.04,2.94,,,,,,,,"Oct 2016 Weather and Location Data. fuel costs from 1/2018"
312,"Naukati",1,55.87,-133.20,0,0,1,1,4,4,32,1.00,1.08,100.00,0,0,3.14,3.04,2.94,,,,,,,,"Oct 2016 Weather and Location Data. fuel costs from 1/2018"
315,"Anaktuvuk Pass Res",1,68.14,-151.73,0,0,6,5,5,5,7,1.00,1.09,2200.00,0,0,1.50,,16.95,,,,,,0.03,," Weather and Location Data. Fuel costs are from 1/2018; large discrepancy between residential subsidized rate and commercial rate ($1.50/$8.35) ; wind from WERA,"
316,"Atqasuk - Res",1,70.47,-157.41,0,0,6,5,5,5,31,1.00,1.31,100.00,0,0,1.40,,8.47,,,,,,,,"1/2018; There  is such a large discrepancy between residential subsidized rate and commercial rate ($1.40/$4.10) ; wind from WERA,"
317,"Kaktovik - Com",1,70.12,-143.60,0,0,6,5,5,5,5,1.11,1.72,0.00,0,0,6.00,,6.00,,,,,,,,"Oct 2016 Weather and Location Data. There is such a large discrepancy between residential subsidized rate and commercial rate ($2.50/$8.50) ; wind from WERA,elev. From Ak. Wilderness Milepost 1989; 1/2018"
318,"Point Hope Com",1,68.34,-166.76,0,0,6,5,5,5,30,1.16,1.29,0.00,0,0,7.99,,11.57,,,,,,0.03,,"Oct 2016 Weather and Location Data. There are two listings for Point Hope because here is such a large discrepancy between residential subsidized rate and commercial rate ($1.99/$7.99) 1/2018; wind from WERA,; HDD, db temp from AEIDC, 1924-27, 41-54,82; 7/17;"
319,"Wainwright Com",1,70.64,-160.01,0,0,6,5,5,5,5,1.00,1.42,0.00,0,0,7.30,,14.62,,,,,,,,"Oct 2016 Weather and Location Data. There is  a large discrepancy between residential subsidized rate and commercial rate ($1.50/$5.96) ; wind from WERA,;  Design temp from BEES Appendix; fuel prices from 1/2018"
322,"Faribanks - Chena Ridge",1,64.80,-148.00,0,0,4,4,2,2,12,1.00,1.02,1100.00,1,293,,,,,,,,,,,"New City as of 10/16/2016 Energy Library."
